{"cameraMode":{"drawMode":0,"name":"Shaded","section":"Shading Mode"},"sceneLighting":true,"audioPlay":false,"sceneViewState":{"m_AlwaysRefresh":false,"showFog":true,"showSkybox":true,"showFlares":true,"showImageEffects":true,"showParticleSystems":true,"showVisualEffectGraphs":true,"m_FxEnabled":true},"in2DMode":false,"pivot":{"x":102.84639739990235,"y":-21.048755645751954,"z":51.64297103881836},"rotation":{"x":-0.11258002370595932,"y":0.21302495896816255,"z":-0.024671655148267747,"w":-0.9703100323677063},"size":54.90993118286133,"orthographic":false}